dyadno,pptno,onset,duration,condition,event_type
1,1,436.533,1.4529999999999745,[AV1],headnod
1,1,539.736,0.3630000000000564,[AV2],headnod
1,1,596.75,1.5,[AV2],headnod
1,1,639.533,1.5,[AV2],headshake
1,1,1367.6729999999998,0.6870000000001255,[AO4],headnod
1,1,1430.374,0.84699999999998,[AO4],headnod
1,2,1367.6729999999998,0.6870000000001255,[AV1],headnod
